report_year,state,city_town,so2_annual_avg,no2_annual_avg,pm10_annual_avg,pm25_annual_avg
2023,Andaman & Nicobar (UT),Port Blair,,,22,
2023,Andhra Pradesh,Amaravati,14,11,71,34
2023,Andhra Pradesh,Anantapur,10,20,58,24
2023,Andhra Pradesh,Chittoor,5,11,57,33
2023,Andhra Pradesh,Kadapa,4,22,53,34
2023,Andhra Pradesh,Kakinada,8,16,76,
2023,Andhra Pradesh,Kurnool,7,17,60,30
2023,Andhra Pradesh,Rajahmundry/ Rajamahendravaram,10,16,78,38
2023,Andhra Pradesh,Tirupati,5,30,61,32
2023,Andhra Pradesh,Vijayawada,6,19,71,38
2023,Andhra Pradesh,Visakhapatnam,11,34,129,50
2023,Andhra Pradesh,Vizianagaram,9,20,74,28
2023,Arunachal Pradesh,Naharlagun,,,45,24
2023,Assam,Bongaigaon,5,12,51,24
2023,Assam,Brynihat,33,28,289,146
2023,Assam,Guwahati,13,10,120,57
2023,Assam,Nagaon,11,15,113,51
2023,Assam,Nalbari,6,17,132,61
2023,Assam,Silcher,6,11,33,17
2023,Assam,Sivasagar,4,12,40,18
2023,Assam,Tinsukia,6,12,52,24
2023,Bihar,Araria,15,26,167,73
2023,Bihar,Arrah,10,36,168,84
2023,Bihar,Aurangabad,12,8,139,61
2023,Bihar,Begusarai,18,39,264,147
2023,Bihar,Bettiah,9,24,187,85
2023,Bihar,Bihar Sharif,10,7,121,42
2023,Bihar,Chhapra,17,20,210,82
2023,Bihar,Gaya,12,21,119,59
2023,Bihar,Hajipur,6,28,173,57
2023,Bihar,Katihar,14,50,193,89
2023,Bihar,Kishanganj,12,35,148,57
2023,Bihar,Manguraha,5,31,91,47
2023,Bihar,Motihari,7,49,142,47
2023,Bihar,Munger,20,28,193,73
2023,Bihar,Muzaffarpur,13,21,179,83
2023,Bihar,Patna,8,32,183,90
2023,Bihar,Purnia,9,28,154,89
2023,Bihar,Rajgir,5,18,141,73
2023,Bihar,Saharsa,16,7,183,89
2023,Bihar,Samastipur,14,18,184,82
2023,Bihar,Sasaram,18,26,99,57
2023,Bihar,Siwan,13,47,176,88
2023,Chandigarh (UT),Chandigarh,6,25,113,58
2023,Chattisgarh,Chhal,15,16,64,28
2023,Chattisgarh,Durg Bhillainagar,11,14,66,31
2023,Chattisgarh,Korba,8,26,65,31
2023,Chattisgarh,Kunjemura,9,32,96,19
2023,Chattisgarh,Milupara,9,19,50,22
2023,Chattisgarh,Raigarh,,,93,38
2023,Chattisgarh,Raipur,9,33,77,31
2023,Chattisgarh,Tumidh,9,21,88,35
2023,Delhi (UT),Delhi,8,38,205,105
2023,Goa,Mapusa,3,12,62,
2023,Goa,Panaji,3,13,71,21
2023,Gujarat,Ahmedabad,12,18,100,39
2023,Gujarat,Ankleshwar,31,30,91,47
2023,Gujarat,Gandhinagar,7,8,87,48
2023,Gujarat,Nandesari,,8,25,18
2023,Gujarat,Rajkot,14,19,94,25
2023,Gujarat,Surat,16,14,121,50
2023,Gujarat,Vadodara,14,19,96,26
2023,Gujarat,Vatva,8,,118,54
2023,Haryana,Ambala,10,23,81,42
2023,Haryana,Bahadurgarh,9,28,149,76
2023,Haryana,Ballabgarh,11,8,137,65
2023,Haryana,Bhiwani,11,21,126,67
2023,Haryana,Charkhi Dadri,9,14,135,77
2023,Haryana,Dharuhera,7,32,185,80
2023,Haryana,Faridabad,15,19,196,86
2023,Haryana,Fatehabad,7,,139,65
2023,Haryana,Gurgaon,12,25,176,90
2023,Haryana,Hissar,14,22,136,66
2023,Haryana,Jind,8,34,103,65
2023,Haryana,Kaithal,14,,126,69
2023,Haryana,Karnal,22,8,92,50
2023,Haryana,Kurukshetra,10,21,110,63
2023,Haryana,Mandikhera,19,15,101,22
2023,Haryana,Manesar,10,20,138,77
2023,Haryana,Narnaul,13,25,129,62
2023,Haryana,Panchukula Urban Estate,10,,,51
2023,Haryana,Panipat,11,24,132,42
2023,Haryana,Rohtak,9,30,,70
2023,Haryana,Sirsa,13,25,106,43
2023,Haryana,Sonipat,17,31,178,64
2023,Haryana,Yamuna Nagar,16,13,129,62
2023,Himachal Pradesh,Baddi,24,18,119,53
2023,Himachal Pradesh,Damtal,2,5,53,23
2023,Himachal Pradesh,Dharamshala,2,5,43,22
2023,Himachal Pradesh,Kala Amb,4,12,95,49
2023,Himachal Pradesh,Manali,2,7,37,12
2023,Himachal Pradesh,Nalagarh,2,12,64,25
2023,Himachal Pradesh,Parwanoo,2,5,41,11
2023,Himachal Pradesh,Poanta Sahib,4,12,89,38
2023,Himachal Pradesh,Shimla,2,7,34,14
2023,Himachal Pradesh,Sunder Nagar,2,5,43,22
2023,Himachal Pradesh,Una,2,6,65,25
2023,Himachal Pradesh,Vashisht,2,5,42,
2023,Jammu & Kashmir (UT),Ramban (J),,,54,
2023,Jammu & Kashmir (UT),Srinagar (K),11,14,90,30
2023,Jharkhand,Dhanbad,25,62,148,68
2023,Jharkhand,Jamshedpur,34,43,127,
2023,Jharkhand,Jorapokhar,23,12,154,
2023,Jharkhand,Ranchi,17,35,107,
2023,Karnataka,Bagalkote,12,11,47,23
2023,Karnataka,Bangalore,6,21,68,33
2023,Karnataka,Belgaum,15,18,74,28
2023,Karnataka,Bidar,17,7,58,
2023,Karnataka,Bijapur / Vijayapura,4,16,47,20
2023,Karnataka,Chamarajanagar,3,19,43,18
2023,Karnataka,Chikkaballapur,14,17,64,31
2023,Karnataka,Chikkamagaluru,4,12,46,18
2023,Karnataka,Devanagere,4,8,72,28
2023,Karnataka,Gadag,24,6,54,21
2023,Karnataka,Gulbarga / Kalaburgi,11,11,63,29
2023,Karnataka,Hassan,17,13,66,27
2023,Karnataka,Hubli Dharwad,5,12,82,28
2023,Karnataka,Kolar,61,13,82,28
2023,Karnataka,Koppal,20,11,49,19
2023,Karnataka,Madikeri,8,4,33,19
2023,Karnataka,Mandya,2,14,40,
2023,Karnataka,Mangalore,16,15,76,33
2023,Karnataka,Mysore,4,17,51,22
2023,Karnataka,Raichur,34,18,84,19
2023,Karnataka,Ramanagara,21,22,57,27
2023,Karnataka,Shimaga / Shivamogga,4,12,44,20
2023,Karnataka,Tumkuru,6,20,103,37
2023,Karnataka,Udupi,26,12,31,
2023,Karnataka,Yadgir,14,10,61,32
2023,Kerala,Alappuzha,2,5,44,
2023,Kerala,Eloor,5,11,64,29
2023,Kerala,Kannur,7,12,68,35
2023,Kerala,Kochi,16,9,75,34
2023,Kerala,Kollam,6,11,73,34
2023,Kerala,Kozhikode,5,6,46,
2023,Kerala,Mallappuram,2,14,31,24
2023,Kerala,Palakkad,2,5,49,
2023,Kerala,Pathanamthitta,2,5,30,
2023,Kerala,Thiruvanantapuram,5,10,42,23
2023,Kerala,Thrissur,4,10,73,37
2023,Kerala,Wayanad,2,5,40,
2023,Madhya Pradesh,Amlai,12,14,67,24
2023,Madhya Pradesh,Bhopal,13,22,111,47
2023,Madhya Pradesh,Chindwara,4,16,74,31
2023,Madhya Pradesh,Damoh,,6,40,16
2023,Madhya Pradesh,Dewas,20,15,99,41
2023,Madhya Pradesh,Gwalior,20,22,139,66
2023,Madhya Pradesh,Indore,13,38,107,43
2023,Madhya Pradesh,Jabalpur,8,24,103,40
2023,Madhya Pradesh,Katni,12,29,127,45
2023,Madhya Pradesh,Maihar,10,11,50,25
2023,Madhya Pradesh,Mandideep,29,36,122,44
2023,Madhya Pradesh,Ratlam,17,32,100,40
2023,Madhya Pradesh,Sagar,5,13,73,29
2023,Madhya Pradesh,Satna,5,17,104,27
2023,Madhya Pradesh,Singrauli,34,56,143,54
2023,Madhya Pradesh,Ujjain,9,14,92,47
2023,Maharashtra,Ahmednagar,11,31,96,34
2023,Maharashtra,Akola,11,15,76,46
2023,Maharashtra,Amravati,12,15,79,38
2023,Maharashtra,Aurangabad,14,27,107,51
2023,Maharashtra,Badlapur,15,38,143,45
2023,Maharashtra,Belapur,3,23,81,30
2023,Maharashtra,Bhiwandi,22,39,81,50
2023,Maharashtra,Boisar,18,15,97,50
2023,Maharashtra,Chandrapur,14,22,106,51
2023,Maharashtra,Dhule,10,12,105,48
2023,Maharashtra,Dombivali / Kalyan,19,42,133,41
2023,Maharashtra,Jalgaon,11,21,88,48
2023,Maharashtra,Jalna,7,37,91,38
2023,Maharashtra,Latur,7,15,58,35
2023,Maharashtra,Mahad,26,21,76,38
2023,Maharashtra,Malegao,7,11,105,36
2023,Maharashtra,Mira Bhayander,5,17,97,46
2023,Maharashtra,Mumbai,18,29,108,47
2023,Maharashtra,Nagpur,13,31,94,52
2023,Maharashtra,Nanded,16,30,75,34
2023,Maharashtra,Nashik,5,20,68,38
2023,Maharashtra,Navi Mumbai,19,49,106,59
2023,Maharashtra,Parbhani,20,17,87,39
2023,Maharashtra,Pimpri Chinchwad,11,47,93,49
2023,Maharashtra,Pune,40,54,99,52
2023,Maharashtra,Roha,,14,97,
2023,Maharashtra,Sangli,8,30,73,31
2023,Maharashtra,Solapur,22,29,96,37
2023,Maharashtra,Tarapur,20,53,110,
2023,Maharashtra,Thane,21,29,112,34
2023,Maharashtra,Ulhas Nagar,17,42,137,59
2023,Manipur,Imphal,48,10,75,41
2023,Meghalaya,Byraihat,16,18,100,49
2023,Meghalaya,Dawki,7,11,41,24
2023,Meghalaya,Khlihriat,6,11,50,27
2023,Meghalaya,Nongstoin,6,11,45,23
2023,Meghalaya,Shillong,18,8,58,31
2023,Meghalaya,Tura,3,7,45,21
2023,Meghalaya,Umsning,7,9,90,35
2023,Mizoram,Aizwal,2,4,52,12
2023,Mizoram,Champhai,2,5,29,
2023,Mizoram,Kolasib,2,4,19,8
2023,Mizoram,Lawngtlai,2,5,47,
2023,Mizoram,Lunglei,2,5,12,
2023,Mizoram,Mamit,2,5,36,
2023,Mizoram,Siaha,2,5,32,
2023,Mizoram,Serchhip,2,5,22,
2023,Nagaland,Dimapur,2,8,97,
2023,Nagaland,Kohima,27,3,69,33
2023,Odisha,Balasore,7,11,106,61
2023,Odisha,Baripada,5,6,101,47
2023,Odisha,Bhubaneshwar,4,18,111,46
2023,Odisha,Bileipada,18,8,165,63
2023,Odisha,Brajrajnagar,21,19,78,34
2023,Odisha,Cuttack,7,23,129,55
2023,Odisha,Jharsuguda,9,14,112,55
2023,Odisha,Keonjhar,6,19,100,55
2023,Odisha,Konark,2,12,64,
2023,Odisha,Nayagarh,3,27,129,56
2023,Odisha,Paradeep,15,11,90,44
2023,Odisha,Puri,2,13,98,26
2023,Odisha,Rairangpur,9,19,99,60
2023,Odisha,Rourkela,8,17,127,56
2023,Odisha,Sambalpur,8,25,111,44
2023,Odisha,Suakati,11,16,112,54
2023,Odisha,Talcher,25,31,110,54
2023,Odisha,Tensa,11,36,85,43
2023,Pondicherry (UT),Pondicherry,7,12,50,24
2023,Punjab,Amritsar,15,25,117,59
2023,Punjab,Aspal Khurd (Tapa),6,14,87,
2023,Punjab,Barnala,6,15,92,
2023,Punjab,Batala,7,15,71,
2023,Punjab,Bhatinda,12,21,124,51
2023,Punjab,Changal (Sangrur),5,13,85,
2023,Punjab,Dera Baba Nanak,5,13,55,
2023,Punjab,Dera Bassi,7,16,105,
2023,Punjab,Faridkot,6,16,89,
2023,Punjab,Fatehpur (Samana),5,13,85,
2023,Punjab,Fazilka,6,16,94,
2023,Punjab,Mandi Gobindgarh,15,26,125,68
2023,Punjab,Gurdaspur,6,15,81,
2023,Punjab,Guru Ki Dhab (Kotkapura),6,14,79,
2023,Punjab,Jaito Sarja (Batala),7,14,68,
2023,Punjab,Jalandhar,10,21,116,52
2023,Punjab,Khanna,12,24,98,41
2023,Punjab,Kotladoom (Ajnala),6,16,102,
2023,Punjab,Lakho ke Behram (Ferozpur),,14,81,
2023,Punjab,Ludhiana,11,23,169,61
2023,Punjab,Malerkota,6,16,92,
2023,Punjab,Moga,6,16,88,
2023,Punjab,Mohali,6,15,100,
2023,Punjab,Mrar Kalan (Muktsar),5,14,82,
2023,Punjab,Mukandpur (Nawashahar),6,15,65,
2023,Punjab,Mureedke (Batala),6,15,77,
2023,Punjab,Naudhrani (Malerkotla),6,14,82,
2023,Punjab,Naya Nangal,5,11,60,
2023,Punjab,Patiala,8,20,92,43
2023,Punjab,Peer Mohammad (Jalalabad),,14,84,
2023,Punjab,Poohli (Bhatinda),6,14,86,
2023,Punjab,Qila Bharian (Sangrur),6,14,85,
2023,Punjab,Rohila (Samrala),7,16,84,
2023,Punjab,Rupnagar,5,21,142,50
2023,Punjab,SBS nagar,6,16,92,
2023,Punjab,Sirhind,6,17,93,
2023,Punjab,Taran-Tarn,6,15,92,
2023,Punjab,Tirathpur (Amritsar I),7,15,104,
2023,Rajasthan,Ajmer,14,23,101,46
2023,Rajasthan,Alwar,15,36,128,42
2023,Rajasthan,Banswara,6,15,110,45
2023,Rajasthan,Baran,6,16,111,52
2023,Rajasthan,Barmer,5,10,102,28
2023,Rajasthan,Bharatpur,8,32,168,65
2023,Rajasthan,Bhilwara,7,20,121,55
2023,Rajasthan,Bhiwadi,14,35,226,77
2023,Rajasthan,Bikaner,4,26,174,53
2023,Rajasthan,Bundi,3,16,136,46
2023,Rajasthan,Chittorgargh,8,22,114,55
2023,Rajasthan,Churu,5,25,116,47
2023,Rajasthan,Dholpur,7,13,127,68
2023,Rajasthan,Dungarpur,4,16,99,52
2023,Rajasthan,Hanumangarh,6,20,211,81
2023,Rajasthan,Jaipur,9,32,143,55
2023,Rajasthan,Jaisalmer,4,20,139,39
2023,Rajasthan,Jalore,5,32,163,56
2023,Rajasthan,Jhalawar,5,16,98,40
2023,Rajasthan,Jhunjhunu,4,23,127,55
2023,Rajasthan,Jodhpur,7,25,127,45
2023,Rajasthan,Karauli,7,19,60,31
2023,Rajasthan,Kota,9,32,122,60
2023,Rajasthan,Nagaur,4,17,135,43
2023,Rajasthan,Pali,10,22,110,54
2023,Rajasthan,Pratapgarh,3,13,100,36
2023,Rajasthan,Rajasmand,3,11,93,38
2023,Rajasthan,Sawai Madhopur,9,16,108,45
2023,Rajasthan,Sikar,3,16,147,44
2023,Rajasthan,Sirohi,5,19,88,30
2023,Rajasthan,Tonk,4,17,170,56
2023,Rajasthan,Udaipur,8,29,122,48
2023,Sikkim,Gangtok,30,4,34,16
2023,Sikkim,Mangan,3,5,41,
2023,Sikkim,Namchi,5,5,,
2023,Sikkim,Pelling,6,5,,
2023,Sikkim,Ravangla,4,5,,
2023,Sikkim,Singtam,5,10,63,
2023,Tamilnadu,Ariyalura,18,27,43,24
2023,Tamilnadu,Chengalpattu,,24,,35
2023,Tamilnadu,Chennai,10,21,63,28
2023,Tamilnadu,Coimbatore,7,11,83,
2023,Tamilnadu,Cuddalore,15,40,42,21
2023,Tamilnadu,Dharmapuri,8,22,42,21
2023,Tamilnadu,Dindigul,,,52,29
2023,Tamilnadu,Gummidipoondi,11,10,119,60
2023,Tamilnadu,Hosur,17,10,77,40
2023,Tamilnadu,Kanchipuram,10,4,51,25
2023,Tamilnadu,Mettur,8,21,43,20
2023,Tamilnadu,Nagercoil,11,15,55,20
2023,Tamilnadu,Ooty,29,9,55,28
2023,Tamilnadu,Palkalaiperur,37,3,37,18
2023,Tamilnadu,Perambalur,10,14,34,13
2023,Tamilnadu,Ramanathapuram,9,3,43,17
2023,Tamilnadu,Sivagangai,15,19,51,27
2023,Tamilnadu,Theni,12,17,54,23
2023,Tamilnadu,Tirupur,19,18,59,
2023,Tamilnadu,Tiruvannamalai,7,14,51,21
2023,Tamilnadu,Tiruvarur,14,16,42,16
2023,Tamilnadu,Trichy,11,15,45,19
2023,Tamilnadu,Tuticorin,9,14,56,16
2023,Tamilnadu,Vellore,22,10,76,41
2023,Tamilnadu,Villupuram,14,16,43,18
2023,Telangana,Choutupal,18,36,89,
2023,Telangana,Hyderabad,8,16,86,38
2023,Telangana,Khammam,,31,76,
2023,Tripura,Agartala,28,12,117,76
2023,Uttar Pradesh,Agra,9,,112,57
2023,Uttar Pradesh,Aligarh,,24,,
2023,Uttar Pradesh,Allahabad,21,17,123,42
2023,Uttar Pradesh,Anpara,18,,165,
2023,Uttar Pradesh,Ayodhya,,22,,
2023,Uttar Pradesh,Baghpat,19,29,160,79
2023,Uttar Pradesh,Bareilly,21,25,85,35
2023,Uttar Pradesh,Bulandshahr,15,34,132,58
2023,Uttar Pradesh,Firozabad,12,22,109,39
2023,Uttar Pradesh,Gajroula,22,23,170,
2023,Uttar Pradesh,Ghaziabad,14,46,176,72
2023,Uttar Pradesh,Gorakhpur,37,5,115,48
2023,Uttar Pradesh,Greater Noida,13,50,228,88
2023,Uttar Pradesh,Hapur,23,27,127,63
2023,Uttar Pradesh,Jhansi,22,21,99,37
2023,Uttar Pradesh,Kanpur,13,42,128,49
2023,Uttar Pradesh,Khurja,36,23,118,59
2023,Uttar Pradesh,Mathura,12,28,168,
2023,Uttar Pradesh,Meerut,11,32,166,81
2023,Uttar Pradesh,Moradabad,20,16,111,50
2023,Uttar Pradesh,Muzaffarnagar,16,29,159,83
2023,Uttar Pradesh,Noida,16,53,183,81
2023,Uttar Pradesh,Raibareli,6,12,93,
2023,Uttar Pradesh,Unnao,7,26,118,
2023,Uttar Pradesh,Varanasi,22,19,79,27
2023,Uttar Pradesh,Vrindavan,28,5,120,34
2023,Uttarakhand,Dehradun,5,7,105,48
2023,Uttarakhand,Kashipur,6,23,97,40
2023,Uttarakhand,Rishikesh,8,11,77,37
2023,West Bengal,Amtala,4,28,83,41
2023,West Bengal,Asansol+Raniganj,11,29,115,60
2023,West Bengal,Baharampur,3,19,70,39
2023,West Bengal,Balurghat,3,19,70,42
2023,West Bengal,Bankura,2,14,66,41
2023,West Bengal,Bansberia (Tribeni),3,22,75,44
2023,West Bengal,Bardhaman,3,14,67,40
2023,West Bengal,Barrckpore,4,23,81,48
2023,West Bengal,Baruipur,4,29,83,40
2023,West Bengal,Birpara,3,19,69,41
2023,West Bengal,Bolpur,2,12,63,37
2023,West Bengal,Chinsura,3,21,73,43
2023,West Bengal,Coochbihar,2,17,66,37
2023,West Bengal,Dankuni,4,23,77,46
2023,West Bengal,Darjeeling,2,12,52,28
2023,West Bengal,Durgapur,19,28,110,52
2023,West Bengal,English Bazaar/Malda,3,20,72,43
2023,West Bengal,Ghatal,3,19,68,40
2023,West Bengal,Haldia,13,19,86,37
2023,West Bengal,Howrah,8,30,115,58
2023,West Bengal,Jaigaon,4,22,76,45
2023,West Bengal,Jalpaiguri,3,19,68,40
2023,West Bengal,Jhargram,3,20,73,43
2023,West Bengal,Kalimpong,2,12,52,28
2023,West Bengal,Kharagpur,6,25,86,52
2023,West Bengal,Kolkata,8,26,94,48
2023,West Bengal,Krishnanagar,3,19,69,40
2023,West Bengal,Madhyamgram,4,23,75,46
2023,West Bengal,Makhrapara /Alipurduar,3,17,65,37
2023,West Bengal,Medinipur,3,22,75,44
2023,West Bengal,Purulia,2,12,63,37
2023,West Bengal,Raigunj,3,20,72,40
2023,West Bengal,Rampurhat,2,13,66,40
2023,West Bengal,Ranaghat,3,20,72,41
2023,West Bengal,Rishra,4,24,80,48
2023,West Bengal,Sankrail,6,33,105,53
2023,West Bengal,Siliguri,7,26,80,40
2023,West Bengal,Suri,2,13,66,39
2023,West Bengal,Tamluk,4,23,77,46
2023,West Bengal,Uluberia,6,33,102,51
2023,West Bengal,Uttarpara,3,20,70,40
